time,temperature,relative_humidity,surface_pressure,wind_speed,wind_direction,pm10,pm25,no2,co,hour,day_of_week,is_weekend,is_rush_hour,wind_alignment_nh24,wind_alignment_industrial,stagnation_index,grap_active
2026-07-27 00:00:00,29.7,88,977.3,2.8,130,92.9,86.4,70.7,1713.0,0,0,0,0,0.0872,0.9962,0.1544,1
2026-07-27 01:00:00,29.3,90,976.6,1.9,146,95.9,89.6,72.4,1758.0,1,0,0,0,0.0,0.9816,0.2069,1
2026-07-27 02:00:00,29.1,91,976.2,2.6,192,97.8,91.0,72.6,1747.0,2,0,0,0,0.0,0.5446,0.1685,1
2026-07-27 03:00:00,28.9,91,976.3,2.7,180,98.7,92.2,70.5,1646.0,3,0,0,0,0.0,0.7071,0.164,1
2026-07-27 04:00:00,28.8,91,976.3,3.1,183,96.9,90.8,67.1,1489.0,4,0,0,0,0.0,0.6691,0.148,1
2026-07-27 05:00:00,28.9,93,976.3,2.6,12,86.6,82.7,58.3,1319.0,5,0,0,0,0.8387,0.0,0.1722,1
2026-07-27 06:00:00,29.0,92,976.4,1.8,6,87.8,84.1,54.3,1138.0,6,0,0,0,0.7771,0.0,0.219,1
2026-07-27 07:00:00,30.0,88,976.8,1.2,39,84.8,79.2,48.4,945.0,7,0,0,0,0.9945,0.0,0.2667,1
2026-07-27 08:00:00,31.6,77,976.9,0.2,90,73.6,65.2,41.4,780.0,8,0,0,1,0.7071,0.7071,0.4278,1
2026-07-27 09:00:00,32.4,71,976.8,1.9,229,72.2,55.9,32.1,653.0,9,0,0,1,0.0,0.0,0.1632,1
2026-07-27 10:00:00,33.2,66,977.1,2.3,274,66.4,50.3,21.7,553.0,10,0,0,1,0.0,0.0,0.1333,1
2026-07-27 11:00:00,34.4,54,976.7,3.2,223,59.8,46.3,13.9,490.0,11,0,0,0,0.0,0.0349,0.0857,1
2026-07-27 12:00:00,35.0,52,976.7,4.2,227,60.3,47.5,10.6,470.0,12,0,0,0,0.0,0.0,0.0667,1
2026-07-27 13:00:00,35.4,51,976.0,3.6,213,61.2,48.8,9.9,486.0,13,0,0,0,0.0,0.2079,0.0739,1
2026-07-27 14:00:00,35.1,52,975.0,5.2,245,62.6,50.6,10.4,524.0,14,0,0,0,0.0,0.0,0.0559,1
2026-07-27 15:00:00,34.6,54,974.4,4.0,243,63.8,49.8,11.0,579.0,15,0,0,0,0.0,0.0,0.072,1
2026-07-27 16:00:00,34.0,57,974.3,3.8,245,63.3,47.7,12.7,656.0,16,0,0,0,0.0,0.0,0.0792,1
2026-07-27 17:00:00,32.6,70,973.8,0.4,360,61.7,46.0,16.8,753.0,17,0,0,1,0.7071,0.0,0.3333,1
2026-07-27 18:00:00,31.6,78,973.5,4.9,80,61.7,47.8,26.1,911.0,18,0,0,1,0.8192,0.5736,0.0881,1
2026-07-27 19:00:00,30.6,82,974.1,7.2,89,67.3,58.2,37.8,1089.0,19,0,0,1,0.7193,0.6947,0.0667,1
2026-07-27 20:00:00,29.6,86,974.8,8.8,99,67.3,60.8,45.2,1159.0,20,0,0,1,0.5878,0.809,0.0585,1
2026-07-27 21:00:00,29.2,89,975.6,8.7,112,69.8,65.0,44.5,1031.0,21,0,0,0,0.3907,0.9205,0.0612,1
2026-07-27 22:00:00,28.9,90,976.2,9.0,112,70.8,67.3,39.6,795.0,22,0,0,0,0.3907,0.9205,0.06,1
2026-07-27 23:00:00,28.5,91,976.0,9.3,117,71.0,67.5,35.1,597.0,23,0,0,0,0.309,0.9511,0.0589,1
2026-07-28 00:00:00,28.0,90,976.3,12.4,163,66.8,63.1,32.9,489.0,0,1,0,0,0.0,0.8829,0.0448,1
2026-07-28 01:00:00,26.7,95,976.3,9.0,190,63.8,59.8,31.1,419.0,1,1,0,0,0.0,0.5736,0.0633,1
2026-07-28 02:00:00,26.8,96,975.1,6.0,100,58.9,54.5,29.5,369.0,2,1,0,0,0.5736,0.8192,0.0914,1
2026-07-28 03:00:00,27.0,96,975.3,4.0,126,53.3,49.4,27.5,330.0,3,1,0,0,0.1564,0.9877,0.128,1
2026-07-28 04:00:00,26.9,97,975.3,5.1,94,49.5,46.1,25.6,312.0,4,1,0,0,0.6561,0.7547,0.106,1
2026-07-28 05:00:00,27.0,97,975.7,6.5,95,46.7,43.8,24.9,326.0,5,1,0,0,0.6428,0.766,0.0862,1
2026-07-28 06:00:00,27.1,96,976.2,6.8,112,44.2,41.9,26.5,400.0,6,1,0,0,0.3907,0.9205,0.0821,1
2026-07-28 07:00:00,27.7,92,976.5,5.4,116,41.0,38.8,29.3,506.0,7,1,0,0,0.3256,0.9455,0.0958,1
2026-07-28 08:00:00,28.8,85,976.8,6.1,135,35.2,33.2,31.7,569.0,8,1,0,1,0.0,1.0,0.0798,1
2026-07-28 09:00:00,29.7,82,977.0,4.2,126,30.0,28.3,33.5,545.0,9,1,0,1,0.1564,0.9877,0.1051,1
2026-07-28 10:00:00,30.7,78,977.2,4.2,130,28.7,27.0,34.8,479.0,10,1,0,1,0.0872,0.9962,0.1,1
2026-07-28 11:00:00,31.4,75,977.3,4.9,114,29.5,27.8,34.7,425.0,11,1,0,0,0.3584,0.9336,0.0847,1
2026-07-28 12:00:00,31.5,76,976.8,4.5,119,34.5,32.7,31.7,390.0,12,1,0,0,0.2756,0.9613,0.0921,1
2026-07-28 13:00:00,32.1,74,975.4,4.8,101,36.7,35.0,27.2,367.0,13,1,0,0,0.5592,0.829,0.0851,1
2026-07-28 14:00:00,32.6,71,974.5,2.8,105,36.4,35.0,24.3,400.0,14,1,0,0,0.5,0.866,0.1246,1
2026-07-28 15:00:00,29.5,85,974.3,5.0,345,32.1,30.9,23.2,511.0,15,1,0,0,0.5,0.0,0.0944,1
2026-07-28 16:00:00,27.6,92,973.6,5.3,170,32.2,30.9,23.7,676.0,16,1,0,0,0.0,0.8192,0.0974,1
2026-07-28 17:00:00,27.7,91,973.8,3.7,194,34.6,33.3,28.1,870.0,17,1,0,1,0.0,0.515,0.1291,1
2026-07-28 18:00:00,27.7,92,973.7,2.4,189,37.6,36.4,39.8,1133.0,18,1,0,1,0.0,0.5878,0.1804,1
2026-07-28 19:00:00,27.4,93,974.2,3.3,193,52.7,51.9,55.6,1424.0,19,1,0,1,0.0,0.5299,0.1442,1
2026-07-28 20:00:00,27.3,94,975.4,2.2,180,66.6,65.7,67.7,1594.0,20,1,0,1,0.0,0.7071,0.1958,1
2026-07-28 21:00:00,27.2,95,976.4,4.6,144,80.1,79.4,74.4,1569.0,21,1,0,0,0.0,0.9877,0.1131,1
2026-07-28 22:00:00,27.1,97,976.8,4.1,146,84.1,83.4,77.5,1423.0,22,1,0,0,0.0,0.9816,0.1268,1
2026-07-28 23:00:00,27.1,97,977.2,3.8,131,89.6,88.9,75.2,1233.0,23,1,0,0,0.0698,0.9976,0.1347,1
